{
  "project_info": {
    "project_number": "620842366577",
    "project_id": "the-astrbio-navigator",
    "storage_bucket": "the-astrbio-navigator.firebasestorage.app"
  },
  "client": [
    {
      "client_info": {
        "mobilesdk_app_id": "1:620842366577:android:0c04d6b5769033eca84dd0",
        "android_client_info": {
          "package_name": "com.theastrionavigator.spacebiology"
        }
      },
      "oauth_client": [],
      "api_key": [
        {
          "current_key": "AIzaSyCkG8CvlArxmpcmBv-MIixBCaAUxNxgu6E"
        }
      ],
      "services": {
        "appinvite_service": {
          "other_platform_oauth_client": []
        }
      }
    }
  ],
  "configuration_version": "1"
}